date_added,hq,name,sector,symbol
1957-03-04,"Saint Paul, Minnesota",3M,Industrials,MMM
1957-03-04,"Saint Paul, Minnesota",3M,Industrials,MMM
1957-03-04,"Saint Paul, Minnesota",3M,Industrials,MMM
1957-03-04,"Saint Paul, Minnesota",3M,Industrials,MMM
1957-03-04,"Saint Paul, Minnesota",3M,Industrials,MMM
1957-03-04,"Saint Paul, Minnesota",3M,Industrials,MMM
1957-03-04,"Saint Paul, Minnesota",3M,Industrials,MMM
1957-03-04,"Saint Paul, Minnesota",3M,Industrials,MMM
1957-03-04,"Saint Paul, Minnesota",3M,Industrials,MMM
1957-03-04,"Saint Paul, Minnesota",3M,Industrials,MMM
1957-03-04,"Saint Paul, Minnesota",3M,Industrials,MMM
1957-03-04,"Saint Paul, Minnesota",3M,Industrials,MMM
1957-03-04,"Saint Paul, Minnesota",3M,Industrials,MMM
1957-03-04,"Saint Paul, Minnesota",3M,Industrials,MMM
1957-03-04,"Saint Paul, Minnesota",3M,Industrials,MMM
1957-03-04,"Saint Paul, Minnesota",3M,Industrials,MMM
1957-03-04,"Saint Paul, Minnesota",3M,Industrials,MMM
1957-03-04,"Saint Paul, Minnesota",3M,Industrials,MMM
1957-03-04,"Saint Paul, Minnesota",3M,Industrials,MMM
1957-03-04,"Saint Paul, Minnesota",3M,Industrials,MMM
1957-03-04,"Saint Paul, Minnesota",3M,Industrials,MMM
1957-03-04,"Saint Paul, Minnesota",3M,Industrials,MMM
1957-03-04,"Saint Paul, Minnesota",3M,Industrials,MMM
1957-03-04,"Saint Paul, Minnesota",3M,Industrials,MMM
1957-03-04,"Saint Paul, Minnesota",3M,Industrials,MMM
1957-03-04,"Saint Paul, Minnesota",3M,Industrials,MMM
1957-03-04,"Saint Paul, Minnesota",3M,Industrials,MMM
1957-03-04,"Saint Paul, Minnesota",3M,Industrials,MMM
1957-03-04,"Saint Paul, Minnesota",3M,Industrials,MMM
1957-03-04,"Saint Paul, Minnesota",3M,Industrials,MMM
1957-03-04,"Saint Paul, Minnesota",3M,Industrials,MMM
1957-03-04,"Saint Paul, Minnesota",3M,Industrials,MMM
1957-03-04,"Saint Paul, Minnesota",3M,Industrials,MMM
1957-03-04,"Saint Paul, Minnesota",3M,Industrials,MMM
1957-03-04,"Saint Paul, Minnesota",3M,Industrials,MMM
1957-03-04,"Saint Paul, Minnesota",3M,Industrials,MMM
1957-03-04,"Saint Paul, Minnesota",3M,Industrials,MMM
1957-03-04,"Saint Paul, Minnesota",3M,Industrials,MMM
1957-03-04,"Saint Paul, Minnesota",3M,Industrials,MMM
1957-03-04,"Saint Paul, Minnesota",3M,Industrials,MMM
1957-03-04,"Saint Paul, Minnesota",3M,Industrials,MMM
1957-03-04,"Saint Paul, Minnesota",3M,Industrials,MMM
1957-03-04,"Saint Paul, Minnesota",3M,Industrials,MMM
1957-03-04,"Saint Paul, Minnesota",3M,Industrials,MMM
1957-03-04,"Saint Paul, Minnesota",3M,Industrials,MMM
1957-03-04,"Saint Paul, Minnesota",3M,Industrials,MMM
1957-03-04,"Saint Paul, Minnesota",3M,Industrials,MMM
1957-03-04,"Saint Paul, Minnesota",3M,Industrials,MMM
1957-03-04,"Saint Paul, Minnesota",3M,Industrials,MMM
1957-03-04,"Saint Paul, Minnesota",3M,Industrials,MMM
1957-03-04,"Saint Paul, Minnesota",3M,Industrials,MMM
1957-03-04,"Saint Paul, Minnesota",3M,Industrials,MMM
1957-03-04,"Saint Paul, Minnesota",3M,Industrials,MMM
1957-03-04,"Saint Paul, Minnesota",3M,Industrials,MMM
1957-03-04,"Saint Paul, Minnesota",3M,Industrials,MMM
1957-03-04,"Saint Paul, Minnesota",3M,Industrials,MMM
1957-03-04,"Saint Paul, Minnesota",3M,Industrials,MMM
1957-03-04,"Saint Paul, Minnesota",3M,Industrials,MMM
1957-03-04,"Saint Paul, Minnesota",3M,Industrials,MMM
1957-03-04,"Saint Paul, Minnesota",3M,Industrials,MMM
1957-03-04,"Saint Paul, Minnesota",3M,Industrials,MMM
1957-03-04,"Saint Paul, Minnesota",3M,Industrials,MMM
1957-03-04,"Saint Paul, Minnesota",3M,Industrials,MMM
1957-03-04,"Saint Paul, Minnesota",3M,Industrials,MMM
1957-03-04,"Saint Paul, Minnesota",3M,Industrials,MMM
1957-03-04,"Saint Paul, Minnesota",3M,Industrials,MMM
1957-03-04,"Saint Paul, Minnesota",3M,Industrials,MMM
1957-03-04,"Saint Paul, Minnesota",3M,Industrials,MMM
1957-03-04,"Saint Paul, Minnesota",3M,Industrials,MMM
1957-03-04,"Saint Paul, Minnesota",3M,Industrials,MMM
1957-03-04,"Saint Paul, Minnesota",3M,Industrials,MMM
1957-03-04,"Saint Paul, Minnesota",3M,Industrials,MMM
1957-03-04,"Saint Paul, Minnesota",3M,Industrials,MMM
1957-03-04,"Saint Paul, Minnesota",3M,Industrials,MMM
1957-03-04,"Saint Paul, Minnesota",3M,Industrials,MMM
1957-03-04,"Saint Paul, Minnesota",3M,Industrials,MMM
1957-03-04,"Saint Paul, Minnesota",3M,Industrials,MMM
1957-03-04,"Saint Paul, Minnesota",3M,Industrials,MMM
1957-03-04,"Saint Paul, Minnesota",3M,Industrials,MMM
1957-03-04,"Saint Paul, Minnesota",3M,Industrials,MMM
1957-03-04,"Saint Paul, Minnesota",3M,Industrials,MMM
1957-03-04,"Saint Paul, Minnesota",3M,Industrials,MMM
1957-03-04,"Saint Paul, Minnesota",3M,Industrials,MMM
1957-03-04,"Saint Paul, Minnesota",3M,Industrials,MMM
1957-03-04,"Saint Paul, Minnesota",3M,Industrials,MMM
1957-03-04,"Saint Paul, Minnesota",3M,Industrials,MMM
1957-03-04,"Saint Paul, Minnesota",3M,Industrials,MMM
1957-03-04,"Saint Paul, Minnesota",3M,Industrials,MMM
1957-03-04,"Saint Paul, Minnesota",3M,Industrials,MMM
1957-03-04,"Saint Paul, Minnesota",3M,Industrials,MMM
1957-03-04,"Saint Paul, Minnesota",3M,Industrials,MMM
1957-03-04,"Saint Paul, Minnesota",3M,Industrials,MMM
1957-03-04,"Saint Paul, Minnesota",3M,Industrials,MMM
1957-03-04,"Saint Paul, Minnesota",3M,Industrials,MMM
1957-03-04,"Saint Paul, Minnesota",3M,Industrials,MMM
1957-03-04,"Saint Paul, Minnesota",3M,Industrials,MMM
1957-03-04,"Saint Paul, Minnesota",3M,Industrials,MMM
1957-03-04,"Saint Paul, Minnesota",3M,Industrials,MMM
1957-03-04,"Saint Paul, Minnesota",3M,Industrials,MMM
1957-03-04,"Saint Paul, Minnesota",3M,Industrials,MMM
1957-03-04,"Saint Paul, Minnesota",3M,Industrials,MMM
1957-03-04,"Saint Paul, Minnesota",3M,Industrials,MMM
1957-03-04,"Saint Paul, Minnesota",3M,Industrials,MMM
1957-03-04,"Saint Paul, Minnesota",3M,Industrials,MMM
1957-03-04,"Saint Paul, Minnesota",3M,Industrials,MMM
1957-03-04,"Saint Paul, Minnesota",3M,Industrials,MMM
1957-03-04,"Saint Paul, Minnesota",3M,Industrials,MMM
1957-03-04,"Saint Paul, Minnesota",3M,Industrials,MMM
1957-03-04,"Saint Paul, Minnesota",3M,Industrials,MMM
1957-03-04,"Saint Paul, Minnesota",3M,Industrials,MMM
1957-03-04,"Saint Paul, Minnesota",3M,Industrials,MMM
1957-03-04,"Saint Paul, Minnesota",3M,Industrials,MMM
1957-03-04,"Saint Paul, Minnesota",3M,Industrials,MMM
1957-03-04,"Saint Paul, Minnesota",3M,Industrials,MMM
1957-03-04,"Saint Paul, Minnesota",3M,Industrials,MMM
1957-03-04,"Saint Paul, Minnesota",3M,Industrials,MMM
1957-03-04,"Saint Paul, Minnesota",3M,Industrials,MMM
1957-03-04,"Saint Paul, Minnesota",3M,Industrials,MMM
1957-03-04,"Saint Paul, Minnesota",3M,Industrials,MMM
1957-03-04,"Saint Paul, Minnesota",3M,Industrials,MMM
1957-03-04,"Saint Paul, Minnesota",3M,Industrials,MMM
1957-03-04,"Saint Paul, Minnesota",3M,Industrials,MMM
1957-03-04,"Saint Paul, Minnesota",3M,Industrials,MMM
1957-03-04,"Saint Paul, Minnesota",3M,Industrials,MMM
1957-03-04,"Saint Paul, Minnesota",3M,Industrials,MMM
1957-03-04,"Saint Paul, Minnesota",3M,Industrials,MMM
1957-03-04,"Saint Paul, Minnesota",3M,Industrials,MMM
1957-03-04,"Saint Paul, Minnesota",3M,Industrials,MMM
1957-03-04,"Saint Paul, Minnesota",3M,Industrials,MMM
1957-03-04,"Saint Paul, Minnesota",3M,Industrials,MMM
1957-03-04,"Saint Paul, Minnesota",3M,Industrials,MMM
1957-03-04,"Saint Paul, Minnesota",3M,Industrials,MMM
1957-03-04,"Saint Paul, Minnesota",3M,Industrials,MMM
1957-03-04,"Saint Paul, Minnesota",3M,Industrials,MMM
1957-03-04,"Saint Paul, Minnesota",3M,Industrials,MMM
1957-03-04,"Saint Paul, Minnesota",3M,Industrials,MMM
1957-03-04,"Saint Paul, Minnesota",3M,Industrials,MMM
1957-03-04,"Saint Paul, Minnesota",3M,Industrials,MMM
1957-03-04,"Saint Paul, Minnesota",3M,Industrials,MMM
1957-03-04,"Saint Paul, Minnesota",3M,Industrials,MMM
1957-03-04,"Saint Paul, Minnesota",3M,Industrials,MMM
1957-03-04,"Saint Paul, Minnesota",3M,Industrials,MMM
1957-03-04,"Saint Paul, Minnesota",3M,Industrials,MMM
1957-03-04,"Saint Paul, Minnesota",3M,Industrials,MMM
1957-03-04,"Saint Paul, Minnesota",3M,Industrials,MMM
1957-03-04,"Saint Paul, Minnesota",3M,Industrials,MMM
1957-03-04,"Saint Paul, Minnesota",3M,Industrials,MMM
1957-03-04,"Saint Paul, Minnesota",3M,Industrials,MMM
1957-03-04,"Saint Paul, Minnesota",3M,Industrials,MMM
1957-03-04,"Saint Paul, Minnesota",3M,Industrials,MMM
1957-03-04,"Saint Paul, Minnesota",3M,Industrials,MMM
1957-03-04,"Saint Paul, Minnesota",3M,Industrials,MMM
1957-03-04,"Saint Paul, Minnesota",3M,Industrials,MMM
1957-03-04,"Saint Paul, Minnesota",3M,Industrials,MMM
1957-03-04,"Saint Paul, Minnesota",3M,Industrials,MMM
1957-03-04,"Saint Paul, Minnesota",3M,Industrials,MMM
1957-03-04,"Saint Paul, Minnesota",3M,Industrials,MMM
1957-03-04,"Saint Paul, Minnesota",3M,Industrials,MMM
1957-03-04,"Saint Paul, Minnesota",3M,Industrials,MMM
1957-03-04,"Saint Paul, Minnesota",3M,Industrials,MMM
1957-03-04,"Saint Paul, Minnesota",3M,Industrials,MMM
1957-03-04,"Saint Paul, Minnesota",3M,Industrials,MMM
1957-03-04,"Saint Paul, Minnesota",3M,Industrials,MMM
1957-03-04,"Saint Paul, Minnesota",3M,Industrials,MMM
1957-03-04,"Saint Paul, Minnesota",3M,Industrials,MMM
1957-03-04,"Saint Paul, Minnesota",3M,Industrials,MMM
1957-03-04,"Saint Paul, Minnesota",3M,Industrials,MMM
1957-03-04,"Saint Paul, Minnesota",3M,Industrials,MMM
1957-03-04,"Saint Paul, Minnesota",3M,Industrials,MMM
1957-03-04,"Saint Paul, Minnesota",3M,Industrials,MMM
1957-03-04,"Saint Paul, Minnesota",3M,Industrials,MMM
1957-03-04,"Saint Paul, Minnesota",3M,Industrials,MMM
1957-03-04,"Saint Paul, Minnesota",3M,Industrials,MMM
1957-03-04,"Saint Paul, Minnesota",3M,Industrials,MMM
1957-03-04,"Saint Paul, Minnesota",3M,Industrials,MMM
1957-03-04,"Saint Paul, Minnesota",3M,Industrials,MMM
1957-03-04,"Saint Paul, Minnesota",3M,Industrials,MMM
1957-03-04,"Saint Paul, Minnesota",3M,Industrials,MMM
1957-03-04,"Saint Paul, Minnesota",3M,Industrials,MMM
1957-03-04,"Saint Paul, Minnesota",3M,Industrials,MMM
1957-03-04,"Saint Paul, Minnesota",3M,Industrials,MMM
1957-03-04,"Saint Paul, Minnesota",3M,Industrials,MMM
1957-03-04,"Saint Paul, Minnesota",3M,Industrials,MMM
1957-03-04,"Saint Paul, Minnesota",3M,Industrials,MMM
1957-03-04,"Saint Paul, Minnesota",3M,Industrials,MMM
1957-03-04,"Saint Paul, Minnesota",3M,Industrials,MMM
1957-03-04,"Saint Paul, Minnesota",3M,Industrials,MMM
1957-03-04,"Saint Paul, Minnesota",3M,Industrials,MMM
1957-03-04,"Saint Paul, Minnesota",3M,Industrials,MMM
1957-03-04,"Saint Paul, Minnesota",3M,Industrials,MMM
1957-03-04,"Saint Paul, Minnesota",3M,Industrials,MMM
1957-03-04,"Saint Paul, Minnesota",3M,Industrials,MMM
1957-03-04,"Saint Paul, Minnesota",3M,Industrials,MMM
1957-03-04,"Saint Paul, Minnesota",3M,Industrials,MMM
1957-03-04,"Saint Paul, Minnesota",3M,Industrials,MMM
1957-03-04,"Saint Paul, Minnesota",3M,Industrials,MMM
1957-03-04,"Saint Paul, Minnesota",3M,Industrials,MMM
1957-03-04,"Saint Paul, Minnesota",3M,Industrials,MMM
1957-03-04,"Saint Paul, Minnesota",3M,Industrials,MMM
1957-03-04,"Saint Paul, Minnesota",3M,Industrials,MMM
1957-03-04,"Saint Paul, Minnesota",3M,Industrials,MMM
1957-03-04,"Saint Paul, Minnesota",3M,Industrials,MMM
1957-03-04,"Saint Paul, Minnesota",3M,Industrials,MMM
1957-03-04,"Saint Paul, Minnesota",3M,Industrials,MMM
1957-03-04,"Saint Paul, Minnesota",3M,Industrials,MMM
1957-03-04,"Saint Paul, Minnesota",3M,Industrials,MMM
1957-03-04,"Saint Paul, Minnesota",3M,Industrials,MMM
1957-03-04,"Saint Paul, Minnesota",3M,Industrials,MMM
1957-03-04,"Saint Paul, Minnesota",3M,Industrials,MMM
1957-03-04,"Saint Paul, Minnesota",3M,Industrials,MMM
1957-03-04,"Saint Paul, Minnesota",3M,Industrials,MMM
1957-03-04,"Saint Paul, Minnesota",3M,Industrials,MMM
1957-03-04,"Saint Paul, Minnesota",3M,Industrials,MMM
1957-03-04,"Saint Paul, Minnesota",3M,Industrials,MMM
1957-03-04,"Saint Paul, Minnesota",3M,Industrials,MMM
1957-03-04,"Saint Paul, Minnesota",3M,Industrials,MMM
1957-03-04,"Saint Paul, Minnesota",3M,Industrials,MMM
1957-03-04,"Saint Paul, Minnesota",3M,Industrials,MMM
1957-03-04,"Saint Paul, Minnesota",3M,Industrials,MMM
1957-03-04,"Saint Paul, Minnesota",3M,Industrials,MMM
1957-03-04,"Saint Paul, Minnesota",3M,Industrials,MMM
1957-03-04,"Saint Paul, Minnesota",3M,Industrials,MMM
1957-03-04,"Saint Paul, Minnesota",3M,Industrials,MMM
1957-03-04,"Saint Paul, Minnesota",3M,Industrials,MMM
1957-03-04,"Saint Paul, Minnesota",3M,Industrials,MMM
1957-03-04,"Saint Paul, Minnesota",3M,Industrials,MMM
1957-03-04,"Saint Paul, Minnesota",3M,Industrials,MMM
1957-03-04,"Saint Paul, Minnesota",3M,Industrials,MMM
1957-03-04,"Saint Paul, Minnesota",3M,Industrials,MMM
1957-03-04,"Saint Paul, Minnesota",3M,Industrials,MMM
1957-03-04,"Saint Paul, Minnesota",3M,Industrials,MMM
1957-03-04,"Saint Paul, Minnesota",3M,Industrials,MMM
1957-03-04,"Saint Paul, Minnesota",3M,Industrials,MMM
1957-03-04,"Saint Paul, Minnesota",3M,Industrials,MMM
1957-03-04,"Saint Paul, Minnesota",3M,Industrials,MMM
1957-03-04,"Saint Paul, Minnesota",3M,Industrials,MMM
1957-03-04,"Saint Paul, Minnesota",3M,Industrials,MMM
1957-03-04,"Saint Paul, Minnesota",3M,Industrials,MMM
1957-03-04,"Saint Paul, Minnesota",3M,Industrials,MMM
1957-03-04,"Saint Paul, Minnesota",3M,Industrials,MMM
1957-03-04,"Saint Paul, Minnesota",3M,Industrials,MMM
1957-03-04,"Saint Paul, Minnesota",3M,Industrials,MMM
1957-03-04,"Saint Paul, Minnesota",3M,Industrials,MMM
1957-03-04,"Saint Paul, Minnesota",3M,Industrials,MMM
1957-03-04,"Saint Paul, Minnesota",3M,Industrials,MMM
1957-03-04,"Saint Paul, Minnesota",3M,Industrials,MMM
1957-03-04,"Saint Paul, Minnesota",3M,Industrials,MMM
1957-03-04,"Saint Paul, Minnesota",3M,Industrials,MMM
1957-03-04,"Saint Paul, Minnesota",3M,Industrials,MMM
1957-03-04,"Saint Paul, Minnesota",3M,Industrials,MMM
1957-03-04,"Saint Paul, Minnesota",3M,Industrials,MMM
1957-03-04,"Saint Paul, Minnesota",3M,Industrials,MMM
1957-03-04,"Saint Paul, Minnesota",3M,Industrials,MMM
1957-03-04,"Saint Paul, Minnesota",3M,Industrials,MMM
1957-03-04,"Saint Paul, Minnesota",3M,Industrials,MMM
1957-03-04,"Saint Paul, Minnesota",3M,Industrials,MMM
1957-03-04,"Saint Paul, Minnesota",3M,Industrials,MMM
1957-03-04,"Saint Paul, Minnesota",3M,Industrials,MMM
1957-03-04,"Saint Paul, Minnesota",3M,Industrials,MMM
1957-03-04,"Saint Paul, Minnesota",3M,Industrials,MMM
1957-03-04,"Saint Paul, Minnesota",3M,Industrials,MMM
1957-03-04,"Saint Paul, Minnesota",3M,Industrials,MMM
1957-03-04,"Saint Paul, Minnesota",3M,Industrials,MMM
1957-03-04,"Saint Paul, Minnesota",3M,Industrials,MMM
1957-03-04,"Saint Paul, Minnesota",3M,Industrials,MMM
1957-03-04,"Saint Paul, Minnesota",3M,Industrials,MMM
1957-03-04,"Saint Paul, Minnesota",3M,Industrials,MMM
1957-03-04,"Saint Paul, Minnesota",3M,Industrials,MMM
1957-03-04,"Saint Paul, Minnesota",3M,Industrials,MMM
1957-03-04,"Saint Paul, Minnesota",3M,Industrials,MMM
1957-03-04,"Saint Paul, Minnesota",3M,Industrials,MMM
1957-03-04,"Saint Paul, Minnesota",3M,Industrials,MMM
1957-03-04,"Saint Paul, Minnesota",3M,Industrials,MMM
1957-03-04,"Saint Paul, Minnesota",3M,Industrials,MMM
1957-03-04,"Saint Paul, Minnesota",3M,Industrials,MMM
1957-03-04,"Saint Paul, Minnesota",3M,Industrials,MMM
1957-03-04,"Saint Paul, Minnesota",3M,Industrials,MMM
1957-03-04,"Saint Paul, Minnesota",3M,Industrials,MMM
1957-03-04,"Saint Paul, Minnesota",3M,Industrials,MMM
1957-03-04,"Saint Paul, Minnesota",3M,Industrials,MMM
1957-03-04,"Saint Paul, Minnesota",3M,Industrials,MMM
1957-03-04,"Saint Paul, Minnesota",3M,Industrials,MMM
1957-03-04,"Saint Paul, Minnesota",3M,Industrials,MMM
1957-03-04,"Saint Paul, Minnesota",3M,Industrials,MMM
1957-03-04,"Saint Paul, Minnesota",3M,Industrials,MMM
1957-03-04,"Saint Paul, Minnesota",3M,Industrials,MMM
1957-03-04,"Saint Paul, Minnesota",3M,Industrials,MMM
1957-03-04,"Saint Paul, Minnesota",3M,Industrials,MMM
1957-03-04,"Saint Paul, Minnesota",3M,Industrials,MMM
1957-03-04,"Saint Paul, Minnesota",3M,Industrials,MMM
1957-03-04,"Saint Paul, Minnesota",3M,Industrials,MMM
1957-03-04,"Saint Paul, Minnesota",3M,Industrials,MMM
1957-03-04,"Saint Paul, Minnesota",3M,Industrials,MMM
1957-03-04,"Saint Paul, Minnesota",3M,Industrials,MMM
1957-03-04,"Saint Paul, Minnesota",3M,Industrials,MMM
1957-03-04,"Saint Paul, Minnesota",3M,Industrials,MMM
1957-03-04,"Saint Paul, Minnesota",3M,Industrials,MMM
1957-03-04,"Saint Paul, Minnesota",3M,Industrials,MMM
1957-03-04,"Saint Paul, Minnesota",3M,Industrials,MMM
1957-03-04,"Saint Paul, Minnesota",3M,Industrials,MMM
1957-03-04,"Saint Paul, Minnesota",3M,Industrials,MMM
1957-03-04,"Saint Paul, Minnesota",3M,Industrials,MMM
1957-03-04,"Saint Paul, Minnesota",3M,Industrials,MMM
1957-03-04,"Saint Paul, Minnesota",3M,Industrials,MMM
1957-03-04,"Saint Paul, Minnesota",3M,Industrials,MMM
1957-03-04,"Saint Paul, Minnesota",3M,Industrials,MMM
1957-03-04,"Saint Paul, Minnesota",3M,Industrials,MMM
1957-03-04,"Saint Paul, Minnesota",3M,Industrials,MMM
1957-03-04,"Saint Paul, Minnesota",3M,Industrials,MMM
1957-03-04,"Saint Paul, Minnesota",3M,Industrials,MMM
1957-03-04,"Saint Paul, Minnesota",3M,Industrials,MMM
1957-03-04,"Saint Paul, Minnesota",3M,Industrials,MMM
1957-03-04,"Saint Paul, Minnesota",3M,Industrials,MMM
1957-03-04,"Saint Paul, Minnesota",3M,Industrials,MMM
1957-03-04,"Saint Paul, Minnesota",3M,Industrials,MMM
1957-03-04,"Saint Paul, Minnesota",3M,Industrials,MMM
1957-03-04,"Saint Paul, Minnesota",3M,Industrials,MMM
1957-03-04,"Saint Paul, Minnesota",3M,Industrials,MMM
1957-03-04,"Saint Paul, Minnesota",3M,Industrials,MMM
1957-03-04,"Saint Paul, Minnesota",3M,Industrials,MMM
1957-03-04,"Saint Paul, Minnesota",3M,Industrials,MMM
1957-03-04,"Saint Paul, Minnesota",3M,Industrials,MMM
1957-03-04,"Saint Paul, Minnesota",3M,Industrials,MMM
1957-03-04,"Saint Paul, Minnesota",3M,Industrials,MMM
1957-03-04,"Saint Paul, Minnesota",3M,Industrials,MMM
1957-03-04,"Saint Paul, Minnesota",3M,Industrials,MMM
1957-03-04,"Saint Paul, Minnesota",3M,Industrials,MMM
1957-03-04,"Saint Paul, Minnesota",3M,Industrials,MMM
1957-03-04,"Saint Paul, Minnesota",3M,Industrials,MMM
1957-03-04,"Saint Paul, Minnesota",3M,Industrials,MMM
1957-03-04,"Saint Paul, Minnesota",3M,Industrials,MMM
1957-03-04,"Saint Paul, Minnesota",3M,Industrials,MMM
1957-03-04,"Saint Paul, Minnesota",3M,Industrials,MMM
1957-03-04,"Saint Paul, Minnesota",3M,Industrials,MMM
1957-03-04,"Saint Paul, Minnesota",3M,Industrials,MMM
1957-03-04,"Saint Paul, Minnesota",3M,Industrials,MMM
1957-03-04,"Saint Paul, Minnesota",3M,Industrials,MMM
1957-03-04,"Saint Paul, Minnesota",3M,Industrials,MMM
1957-03-04,"Saint Paul, Minnesota",3M,Industrials,MMM
1957-03-04,"Saint Paul, Minnesota",3M,Industrials,MMM
1957-03-04,"Saint Paul, Minnesota",3M,Industrials,MMM
1957-03-04,"Saint Paul, Minnesota",3M,Industrials,MMM
1957-03-04,"Saint Paul, Minnesota",3M,Industrials,MMM
1957-03-04,"Saint Paul, Minnesota",3M,Industrials,MMM
1957-03-04,"Saint Paul, Minnesota",3M,Industrials,MMM
1957-03-04,"Saint Paul, Minnesota",3M,Industrials,MMM
1957-03-04,"Saint Paul, Minnesota",3M,Industrials,MMM
1957-03-04,"Saint Paul, Minnesota",3M,Industrials,MMM
1957-03-04,"Saint Paul, Minnesota",3M,Industrials,MMM
1957-03-04,"Saint Paul, Minnesota",3M,Industrials,MMM
1957-03-04,"Saint Paul, Minnesota",3M,Industrials,MMM
1957-03-04,"Saint Paul, Minnesota",3M,Industrials,MMM
1957-03-04,"Saint Paul, Minnesota",3M,Industrials,MMM
1957-03-04,"Saint Paul, Minnesota",3M,Industrials,MMM
1957-03-04,"Saint Paul, Minnesota",3M,Industrials,MMM
1957-03-04,"Saint Paul, Minnesota",3M,Industrials,MMM
1957-03-04,"Saint Paul, Minnesota",3M,Industrials,MMM
1957-03-04,"Saint Paul, Minnesota",3M,Industrials,MMM
1957-03-04,"Saint Paul, Minnesota",3M,Industrials,MMM
1957-03-04,"Saint Paul, Minnesota",3M,Industrials,MMM
1957-03-04,"Saint Paul, Minnesota",3M,Industrials,MMM
1957-03-04,"Saint Paul, Minnesota",3M,Industrials,MMM
1957-03-04,"Saint Paul, Minnesota",3M,Industrials,MMM
1957-03-04,"Saint Paul, Minnesota",3M,Industrials,MMM
1957-03-04,"Saint Paul, Minnesota",3M,Industrials,MMM
1957-03-04,"Saint Paul, Minnesota",3M,Industrials,MMM
1957-03-04,"Saint Paul, Minnesota",3M,Industrials,MMM
1957-03-04,"Saint Paul, Minnesota",3M,Industrials,MMM
1957-03-04,"Saint Paul, Minnesota",3M,Industrials,MMM
1957-03-04,"Saint Paul, Minnesota",3M,Industrials,MMM
1957-03-04,"Saint Paul, Minnesota",3M,Industrials,MMM
1957-03-04,"Saint Paul, Minnesota",3M,Industrials,MMM
1957-03-04,"Saint Paul, Minnesota",3M,Industrials,MMM
1957-03-04,"Saint Paul, Minnesota",3M,Industrials,MMM
1957-03-04,"Saint Paul, Minnesota",3M,Industrials,MMM
1957-03-04,"Saint Paul, Minnesota",3M,Industrials,MMM
1957-03-04,"Saint Paul, Minnesota",3M,Industrials,MMM
1957-03-04,"Saint Paul, Minnesota",3M,Industrials,MMM
1957-03-04,"Saint Paul, Minnesota",3M,Industrials,MMM
1957-03-04,"Saint Paul, Minnesota",3M,Industrials,MMM
1957-03-04,"Saint Paul, Minnesota",3M,Industrials,MMM
1957-03-04,"Saint Paul, Minnesota",3M,Industrials,MMM
1957-03-04,"Saint Paul, Minnesota",3M,Industrials,MMM
1957-03-04,"Saint Paul, Minnesota",3M,Industrials,MMM
1957-03-04,"Saint Paul, Minnesota",3M,Industrials,MMM
1957-03-04,"Saint Paul, Minnesota",3M,Industrials,MMM
1957-03-04,"Saint Paul, Minnesota",3M,Industrials,MMM
1957-03-04,"Saint Paul, Minnesota",3M,Industrials,MMM
1957-03-04,"Saint Paul, Minnesota",3M,Industrials,MMM
1957-03-04,"Saint Paul, Minnesota",3M,Industrials,MMM
1957-03-04,"Saint Paul, Minnesota",3M,Industrials,MMM
1957-03-04,"Saint Paul, Minnesota",3M,Industrials,MMM
1957-03-04,"Saint Paul, Minnesota",3M,Industrials,MMM
1957-03-04,"Saint Paul, Minnesota",3M,Industrials,MMM
1957-03-04,"Saint Paul, Minnesota",3M,Industrials,MMM
1957-03-04,"Saint Paul, Minnesota",3M,Industrials,MMM
1957-03-04,"Saint Paul, Minnesota",3M,Industrials,MMM
1957-03-04,"Saint Paul, Minnesota",3M,Industrials,MMM
1957-03-04,"Saint Paul, Minnesota",3M,Industrials,MMM
1957-03-04,"Saint Paul, Minnesota",3M,Industrials,MMM
1957-03-04,"Saint Paul, Minnesota",3M,Industrials,MMM
1957-03-04,"Saint Paul, Minnesota",3M,Industrials,MMM
1957-03-04,"Saint Paul, Minnesota",3M,Industrials,MMM
1957-03-04,"Saint Paul, Minnesota",3M,Industrials,MMM
1957-03-04,"Saint Paul, Minnesota",3M,Industrials,MMM
1957-03-04,"Saint Paul, Minnesota",3M,Industrials,MMM
1957-03-04,"Saint Paul, Minnesota",3M,Industrials,MMM
1957-03-04,"Saint Paul, Minnesota",3M,Industrials,MMM
1957-03-04,"Saint Paul, Minnesota",3M,Industrials,MMM
1957-03-04,"Saint Paul, Minnesota",3M,Industrials,MMM
1957-03-04,"Saint Paul, Minnesota",3M,Industrials,MMM
1957-03-04,"Saint Paul, Minnesota",3M,Industrials,MMM
1957-03-04,"Saint Paul, Minnesota",3M,Industrials,MMM
1957-03-04,"Saint Paul, Minnesota",3M,Industrials,MMM
1957-03-04,"Saint Paul, Minnesota",3M,Industrials,MMM
1957-03-04,"Saint Paul, Minnesota",3M,Industrials,MMM
1957-03-04,"Saint Paul, Minnesota",3M,Industrials,MMM
1957-03-04,"Saint Paul, Minnesota",3M,Industrials,MMM
1957-03-04,"Saint Paul, Minnesota",3M,Industrials,MMM
1957-03-04,"Saint Paul, Minnesota",3M,Industrials,MMM
1957-03-04,"Saint Paul, Minnesota",3M,Industrials,MMM
1957-03-04,"Saint Paul, Minnesota",3M,Industrials,MMM
1957-03-04,"Saint Paul, Minnesota",3M,Industrials,MMM
1957-03-04,"Saint Paul, Minnesota",3M,Industrials,MMM
1957-03-04,"Saint Paul, Minnesota",3M,Industrials,MMM
1957-03-04,"Saint Paul, Minnesota",3M,Industrials,MMM
1957-03-04,"Saint Paul, Minnesota",3M,Industrials,MMM
1957-03-04,"Saint Paul, Minnesota",3M,Industrials,MMM
1957-03-04,"Saint Paul, Minnesota",3M,Industrials,MMM
1957-03-04,"Saint Paul, Minnesota",3M,Industrials,MMM
1957-03-04,"Saint Paul, Minnesota",3M,Industrials,MMM
1957-03-04,"Saint Paul, Minnesota",3M,Industrials,MMM
1957-03-04,"Saint Paul, Minnesota",3M,Industrials,MMM
1957-03-04,"Saint Paul, Minnesota",3M,Industrials,MMM
1957-03-04,"Saint Paul, Minnesota",3M,Industrials,MMM
1957-03-04,"Saint Paul, Minnesota",3M,Industrials,MMM
1957-03-04,"Saint Paul, Minnesota",3M,Industrials,MMM
1957-03-04,"Saint Paul, Minnesota",3M,Industrials,MMM
1957-03-04,"Saint Paul, Minnesota",3M,Industrials,MMM
1957-03-04,"Saint Paul, Minnesota",3M,Industrials,MMM
1957-03-04,"Saint Paul, Minnesota",3M,Industrials,MMM
1957-03-04,"Saint Paul, Minnesota",3M,Industrials,MMM
1957-03-04,"Saint Paul, Minnesota",3M,Industrials,MMM
1957-03-04,"Saint Paul, Minnesota",3M,Industrials,MMM
1957-03-04,"Saint Paul, Minnesota",3M,Industrials,MMM
1957-03-04,"Saint Paul, Minnesota",3M,Industrials,MMM
1957-03-04,"Saint Paul, Minnesota",3M,Industrials,MMM
1957-03-04,"Saint Paul, Minnesota",3M,Industrials,MMM
1957-03-04,"Saint Paul, Minnesota",3M,Industrials,MMM
1957-03-04,"Saint Paul, Minnesota",3M,Industrials,MMM
1957-03-04,"Saint Paul, Minnesota",3M,Industrials,MMM
1957-03-04,"Saint Paul, Minnesota",3M,Industrials,MMM
1957-03-04,"Saint Paul, Minnesota",3M,Industrials,MMM
1957-03-04,"Saint Paul, Minnesota",3M,Industrials,MMM
1957-03-04,"Saint Paul, Minnesota",3M,Industrials,MMM
1957-03-04,"Saint Paul, Minnesota",3M,Industrials,MMM
1957-03-04,"Saint Paul, Minnesota",3M,Industrials,MMM
1957-03-04,"Saint Paul, Minnesota",3M,Industrials,MMM
1957-03-04,"Saint Paul, Minnesota",3M,Industrials,MMM
1957-03-04,"Saint Paul, Minnesota",3M,Industrials,MMM
1957-03-04,"Saint Paul, Minnesota",3M,Industrials,MMM
1957-03-04,"Saint Paul, Minnesota",3M,Industrials,MMM
1957-03-04,"Saint Paul, Minnesota",3M,Industrials,MMM
1957-03-04,"Saint Paul, Minnesota",3M,Industrials,MMM
1957-03-04,"Saint Paul, Minnesota",3M,Industrials,MMM
1957-03-04,"Saint Paul, Minnesota",3M,Industrials,MMM
1957-03-04,"Saint Paul, Minnesota",3M,Industrials,MMM
1957-03-04,"Saint Paul, Minnesota",3M,Industrials,MMM
1957-03-04,"Saint Paul, Minnesota",3M,Industrials,MMM
1957-03-04,"Saint Paul, Minnesota",3M,Industrials,MMM
1957-03-04,"Saint Paul, Minnesota",3M,Industrials,MMM
1957-03-04,"Saint Paul, Minnesota",3M,Industrials,MMM
1957-03-04,"Saint Paul, Minnesota",3M,Industrials,MMM
1957-03-04,"Saint Paul, Minnesota",3M,Industrials,MMM
1957-03-04,"Saint Paul, Minnesota",3M,Industrials,MMM
1957-03-04,"Saint Paul, Minnesota",3M,Industrials,MMM
1957-03-04,"Saint Paul, Minnesota",3M,Industrials,MMM
1957-03-04,"Saint Paul, Minnesota",3M,Industrials,MMM
1957-03-04,"Saint Paul, Minnesota",3M,Industrials,MMM
1957-03-04,"Saint Paul, Minnesota",3M,Industrials,MMM
1957-03-04,"Saint Paul, Minnesota",3M,Industrials,MMM
1957-03-04,"Saint Paul, Minnesota",3M,Industrials,MMM
1957-03-04,"Saint Paul, Minnesota",3M,Industrials,MMM
1957-03-04,"Saint Paul, Minnesota",3M,Industrials,MMM
1957-03-04,"Saint Paul, Minnesota",3M,Industrials,MMM
1957-03-04,"Saint Paul, Minnesota",3M,Industrials,MMM
1957-03-04,"Saint Paul, Minnesota",3M,Industrials,MMM
1957-03-04,"Saint Paul, Minnesota",3M,Industrials,MMM
1957-03-04,"Saint Paul, Minnesota",3M,Industrials,MMM
1957-03-04,"Saint Paul, Minnesota",3M,Industrials,MMM
1957-03-04,"Saint Paul, Minnesota",3M,Industrials,MMM
1957-03-04,"Saint Paul, Minnesota",3M,Industrials,MMM
1957-03-04,"Saint Paul, Minnesota",3M,Industrials,MMM
1957-03-04,"Saint Paul, Minnesota",3M,Industrials,MMM
1957-03-04,"Saint Paul, Minnesota",3M,Industrials,MMM
1957-03-04,"Saint Paul, Minnesota",3M,Industrials,MMM
1957-03-04,"Saint Paul, Minnesota",3M,Industrials,MMM
1957-03-04,"Saint Paul, Minnesota",3M,Industrials,MMM
1957-03-04,"Saint Paul, Minnesota",3M,Industrials,MMM
1957-03-04,"Saint Paul, Minnesota",3M,Industrials,MMM
1957-03-04,"Saint Paul, Minnesota",3M,Industrials,MMM
1957-03-04,"Saint Paul, Minnesota",3M,Industrials,MMM
1957-03-04,"Saint Paul, Minnesota",3M,Industrials,MMM
1957-03-04,"Saint Paul, Minnesota",3M,Industrials,MMM
